{"cameraMode":{"drawMode":0,"name":"Shaded","section":"Shading Mode"},"sceneLighting":false,"audioPlay":false,"sceneViewState":{"showFog":true,"showMaterialUpdate":false,"showSkybox":false,"showFlares":true,"showImageEffects":true,"showParticleSystems":true},"in2DMode":false,"pivot":{"x":2.6694607734680177,"y":2.5659263134002687,"z":1.5948359966278077},"rotation":{"x":-0.17625436186790467,"y":-0.13186223804950715,"z":0.02383265644311905,"w":-0.9751814007759094},"size":11.190845489501954,"orthographic":false}