{"cameraMode":{"drawMode":0,"name":"Shaded","section":"Shading Mode"},"sceneLighting":false,"audioPlay":false,"sceneViewState":{"showFog":true,"showMaterialUpdate":false,"showSkybox":false,"showFlares":true,"showImageEffects":true,"showParticleSystems":true},"in2DMode":false,"pivot":{"x":1.5000008344650269,"y":1.9997327327728272,"z":-0.0000011920928955078126},"rotation":{"x":-0.13923704624176026,"y":0.04068471118807793,"z":-0.00572557607665658,"w":-0.9894064664840698},"size":8.291902542114258,"orthographic":false}