{"cameraMode":{"drawMode":0,"name":"Shaded","section":"Shading Mode"},"sceneLighting":false,"audioPlay":false,"sceneViewState":{"showFog":false,"showMaterialUpdate":false,"showSkybox":false,"showFlares":false,"showImageEffects":false,"showParticleSystems":true},"in2DMode":false,"pivot":{"x":8.18405532836914,"y":-3.096106767654419,"z":-4.849427223205566},"rotation":{"x":-0.2636665999889374,"y":-0.3451777994632721,"z":0.1016911193728447,"w":-0.8949811458587647},"size":12.840799331665039,"orthographic":false}