{"cameraMode":{"drawMode":0,"name":"Shaded","section":"Shading Mode"},"sceneLighting":false,"audioPlay":false,"sceneViewState":{"showFog":false,"showMaterialUpdate":false,"showSkybox":false,"showFlares":false,"showImageEffects":false,"showParticleSystems":true},"in2DMode":false,"pivot":{"x":0.19725628197193147,"y":0.4305422306060791,"z":-0.06946361064910889},"rotation":{"x":0.3406355082988739,"y":0.06383290141820908,"z":-0.02318553999066353,"w":0.9377394318580627},"size":1.8282655477523804,"orthographic":false}