{"cameraMode":{"drawMode":0,"name":"Shaded","section":"Shading Mode"},"sceneLighting":true,"audioPlay":false,"sceneViewState":{"showFog":true,"showMaterialUpdate":false,"showSkybox":true,"showFlares":true,"showImageEffects":true,"showParticleSystems":true},"in2DMode":false,"pivot":{"x":4.733460426330566,"y":5.636298656463623,"z":-6.450466156005859},"rotation":{"x":-0.20287515223026277,"y":0.012334806844592095,"z":-0.0025557875633239748,"w":-0.9791236519813538},"size":13.022601127624512,"orthographic":false}