{"cameraMode":{"drawMode":0,"name":"Shaded","section":"Shading Mode"},"sceneLighting":true,"audioPlay":false,"sceneViewState":{"showFog":true,"showMaterialUpdate":false,"showSkybox":true,"showFlares":true,"showImageEffects":true,"showParticleSystems":true},"in2DMode":false,"pivot":{"x":4.890851020812988,"y":1.6332526206970215,"z":9.931310653686524},"rotation":{"x":-0.10063276439905167,"y":-0.01134505309164524,"z":0.0011475898791104556,"w":-0.9948583245277405},"size":25.282386779785158,"orthographic":false}