{"cameraMode":{"drawMode":0,"name":"Shaded","section":"Shading Mode"},"sceneLighting":true,"audioPlay":false,"sceneViewState":{"showFog":true,"showMaterialUpdate":false,"showSkybox":true,"showFlares":true,"showImageEffects":true,"showParticleSystems":true},"in2DMode":false,"pivot":{"x":19.576576232910158,"y":-7.440645217895508,"z":12.998249053955079},"rotation":{"x":-0.2602258324623108,"y":0.13186801970005036,"z":-0.03590137138962746,"w":-0.9558265805244446},"size":45.459617614746097,"orthographic":false}