{"cameraMode":{"drawMode":0,"name":"Shaded","section":"Shading Mode"},"sceneLighting":true,"audioPlay":false,"sceneViewState":{"showFog":true,"showMaterialUpdate":false,"showSkybox":true,"showFlares":true,"showImageEffects":true,"showParticleSystems":true},"in2DMode":false,"pivot":{"x":25.897981643676759,"y":1.9298813343048096,"z":-2.2844600677490236},"rotation":{"x":-0.23796726763248444,"y":-0.016901900991797448,"z":0.004141697194427252,"w":-0.9711172580718994},"size":54.07862854003906,"orthographic":false}